Chromosome,Position,Reference,Alternate,Filters - exomes,Transcript,VEP Annotation,ClinVar Clinical Significance,Flags,Allele Count,Allele Number,Allele Frequency
21,44513171,TACA,T,PASS,ENST00000291552.4,3_prime_UTR_variant,,,1,251056,0.000003983175069
21,44513177,A,G,PASS,ENST00000291552.4,3_prime_UTR_variant,,,1,251180,0.000003981208695
21,44513181,T,C,PASS,ENST00000291552.4,3_prime_UTR_variant,,,1,251268,0.000003979814381
21,44513183,T,C,PASS,ENST00000291552.4,3_prime_UTR_variant,,,1,251286,0.000003979529301
21,44513187,A,C,PASS,ENST00000291552.4,3_prime_UTR_variant,,,1,251314,0.000003979085924
21,44513191,A,AT,PASS,ENST00000291552.4,3_prime_UTR_variant,,,1,251318,0.000003979022593
21,44513192,T,C,PASS,ENST00000291552.4,3_prime_UTR_variant,,,1,251322,0.000003978959263
21,44513209,G,T,PASS,ENST00000291552.4,3_prime_UTR_variant,,,4,251412,0.00001591013953
21,44513211,C,A,PASS,ENST00000291552.4,3_prime_UTR_variant,,,2,251422,0.000007954753363
21,44513219,C,T,PASS,ENST00000291552.4,missense_variant,,,1,251402,0.000003977693097
21,44513235,G,A,PASS,ENST00000291552.4,missense_variant,,,1,251364,0.000003978294426
21,44513236,A,T,PASS,ENST00000291552.4,missense_variant,,,1,251404,0.000003977661453
21,44513242,C,T,PASS,ENST00000291552.4,synonymous_variant,,,7,251314,0.00002785360147
21,44513242,C,G,PASS,ENST00000291552.4,synonymous_variant,,,45,251314,0.0001790588666
21,44513258,C,A,PASS,ENST00000291552.4,missense_variant,,,1,251030,0.000003983587619
21,44513265,G,A,PASS,ENST00000291552.4,missense_variant,,,1,250736,0.000003988258567
21,44513266,T,TCCGCCGCCACCTCCACCACCG,PASS,ENST00000291552.4,inframe_insertion,,,2,250690,0.000007977980773
21,44513268,C,T,PASS,ENST00000291552.4,missense_variant,,,3,250748,0.0000119642031
21,44513269,GCCGCCACCTCCACCA,G,PASS,ENST00000291552.4,inframe_deletion,,,1,250374,0.000003994024939
21,44513272,G,A,PASS,ENST00000291552.4,synonymous_variant,,,2,250172,0.000007994499784
21,44513272,G,GCCACCT,PASS,ENST00000291552.4,inframe_insertion,,,5,250172,0.00001998624946
21,44513275,ACCT,A,PASS,ENST00000291552.4,inframe_deletion,,,1,249738,0.000004004196398
21,44513278,T,TCCACCA,PASS,ENST00000291552.4,inframe_insertion,,,1,249716,0.000004004549168
21,44513278,TCCACCA,T,PASS,ENST00000291552.4,inframe_deletion,,,1,249716,0.000004004549168
21,44513281,A,ACCAACG,PASS,ENST00000291552.4,inframe_insertion,,,1,249108,0.000004014323105
21,44513281,ACCACCGCCACCG,A,PASS,ENST00000291552.4,inframe_deletion,,,1,249108,0.000004014323105
21,44513284,A,G,PASS,ENST00000291552.4,synonymous_variant,,,1,247746,0.000004036392111
21,44513287,G,A,PASS,ENST00000291552.4,synonymous_variant,,,2,248192,0.000008058277463
21,44513292,C,T,PASS,ENST00000291552.4,missense_variant,Uncertain significance,,1,249506,0.000004007919649
21,44513299,G,A,PASS,ENST00000291552.4,synonymous_variant,,,2,249926,0.000008002368701
21,44513307,C,A,PASS,ENST00000291552.4,missense_variant,,,4,250306,0.00001598043994
21,44513311,G,C,PASS,ENST00000291552.4,missense_variant,,,1,250464,0.000003992589753
21,44513314,T,C,PASS,ENST00000291552.4,synonymous_variant,,,1,250538,0.000003991410485
21,44513322,GAGA,G,PASS,ENST00000291552.4,inframe_deletion,,,1,250526,0.00000399160167
21,44513325,A,G,PASS,ENST00000291552.4,missense_variant,,,1,250600,0.000003990422985
21,44513327,C,A,PASS,ENST00000291552.4,missense_variant,,,1,250438,0.000003993004257
21,44513327,C,T,PASS,ENST00000291552.4,missense_variant,,,8,250438,0.00003194403405
21,44513330,C,T,PASS,ENST00000291552.4,missense_variant,,,4,250458,0.0000159707416
21,44513332,C,G,PASS,ENST00000291552.4,missense_variant,,,10,250374,0.00003994024939
21,44513338,G,C,PASS,ENST00000291552.4,synonymous_variant,,,1,250278,0.000003995556941
21,44513350,T,C,PASS,ENST00000291552.4,synonymous_variant,,,1,250148,0.000003997633401
21,44513357,T,C,PASS,ENST00000291552.4,missense_variant,,,3,249816,0.00001200883851
21,44513359,C,T,PASS,ENST00000291552.4,splice_region_variant,,,1,249482,0.000004008305208
21,44513363,C,T,PASS,ENST00000291552.4,splice_region_variant,,,1,249202,0.000004012808886
21,44513364,A,G,PASS,ENST00000291552.4,splice_region_variant,,,3,249046,0.00001204596741
21,44513370,G,A,PASS,ENST00000291552.4,intron_variant,,,5,248542,0.00002011732423
21,44513378,A,T,PASS,ENST00000291552.4,intron_variant,,,5,247702,0.00002018554553
21,44513379,A,G,PASS,ENST00000291552.4,intron_variant,,,18,247560,0.00007270964615
21,44513380,G,C,PASS,ENST00000291552.4,intron_variant,,,4,247100,0.00001618777823
21,44513380,G,A,PASS,ENST00000291552.4,intron_variant,,,1,247100,0.000004046944557
21,44513386,C,T,PASS,ENST00000291552.4,intron_variant,,,3,245774,0.0000122063359
21,44513390,C,T,PASS,ENST00000291552.4,intron_variant,,,1,244260,0.000004093998199
21,44513393,T,C,PASS,ENST00000291552.4,intron_variant,,,1,244138,0.000004096044041
21,44513404,G,A,PASS,ENST00000291552.4,intron_variant,,,1,239054,0.00000418315527
21,44513407,C,T,PASS,ENST00000291552.4,intron_variant,,,1,238334,0.000004195792459
21,44513408,G,A,PASS,ENST00000291552.4,intron_variant,,,5,237708,0.00002103421004
21,44513411,G,A,PASS,ENST00000291552.4,intron_variant,,,1,236246,0.000004232875901
21,44514528,T,C,PASS,ENST00000291552.4,intron_variant,,,1,249402,0.000004009590942
21,44514532,A,G,PASS,ENST00000291552.4,intron_variant,,,2,249692,0.000008009868158
21,44514534,G,T,PASS,ENST00000291552.4,intron_variant,,,1,250148,0.000003997633401
21,44514534,G,A,PASS,ENST00000291552.4,intron_variant,,,1,250148,0.000003997633401
21,44514543,A,C,PASS,ENST00000291552.4,intron_variant,,,4,250710,0.00001595468868
21,44514545,G,A,PASS,ENST00000291552.4,intron_variant,,,1,250752,0.000003988004084
21,44514546,C,A,PASS,ENST00000291552.4,intron_variant,,,1,250770,0.000003987717829
21,44514548,A,G,PASS,ENST00000291552.4,intron_variant,,,1,250870,0.000003986128274
21,44514550,T,C,PASS,ENST00000291552.4,intron_variant,,,2,250908,0.000007971049149
21,44514551,G,C,PASS,ENST00000291552.4,intron_variant,,,1,250998,0.000003984095491
21,44514553,G,A,PASS,ENST00000291552.4,intron_variant,,,1,251080,0.000003982794329
21,44514553,GC,G,PASS,ENST00000291552.4,intron_variant,,,4,251080,0.00001593117731
21,44514559,C,T,PASS,ENST00000291552.4,intron_variant,,,6,251156,0.00002388953479
21,44514560,A,G,PASS,ENST00000291552.4,intron_variant,,,1,251204,0.000003980828331
21,44514562,CG,C,PASS,ENST00000291552.4,intron_variant,,,1,251160,0.000003981525721
21,44514563,G,GCGTT,PASS,ENST00000291552.4,intron_variant,,,1,251206,0.000003980796637
21,44514563,G,A,PASS,ENST00000291552.4,intron_variant,,,1,251206,0.000003980796637
21,44514563,G,T,PASS,ENST00000291552.4,intron_variant,,,32,251206,0.0001273854924
21,44514566,C,T,PASS,ENST00000291552.4,intron_variant,,,1,251242,0.000003980226236
21,44514568,C,G,PASS,ENST00000291552.4,intron_variant,,,1,251254,0.000003980036139
21,44514569,AG,A,PASS,ENST00000291552.4,intron_variant,,,1,251294,0.000003979402612
21,44514570,G,C,PASS,ENST00000291552.4,intron_variant,,,4,251306,0.00001591685037
21,44514574,T,C,PASS,ENST00000291552.4,splice_region_variant,,,1,251330,0.000003978832611
21,44514578,C,T,PASS,ENST00000291552.4,splice_region_variant,,,3,251324,0.0000119367828
21,44514592,G,A,PASS,ENST00000291552.4,synonymous_variant,,,2,251234,0.000007960705955
21,44514594,G,A,PASS,ENST00000291552.4,missense_variant,,,1,251272,0.000003979751027
21,44514598,A,G,PASS,ENST00000291552.4,synonymous_variant,,,1,251238,0.000003980289606
21,44514622,G,A,PASS,ENST00000291552.4,synonymous_variant,,,1,251376,0.000003978104513
21,44514628,G,A,PASS,ENST00000291552.4,synonymous_variant,,,2,251388,0.000007955829236
21,44514628,G,C,PASS,ENST00000291552.4,synonymous_variant,,,1,251388,0.000003977914618
21,44514631,C,T,PASS,ENST00000291552.4,synonymous_variant,,,1,251392,0.000003977851324
21,44514637,A,G,PASS,ENST00000291552.4,synonymous_variant,,,1,251402,0.000003977693097
21,44514643,G,A,PASS,ENST00000291552.4,synonymous_variant,,,1,251364,0.000003978294426
21,44514655,G,A,PASS,ENST00000291552.4,synonymous_variant,,,1,251354,0.0000039784527
21,44514658,G,T,PASS,ENST00000291552.4,synonymous_variant,,,6,251336,0.00002387242576
21,44514670,T,C,PASS,ENST00000291552.4,synonymous_variant,,,2,251366,0.000007956525544
21,44514676,G,A,PASS,ENST00000291552.4,splice_region_variant,,,1,251346,0.000003978579329
21,44514679,G,A,PASS,ENST00000291552.4,splice_region_variant,,,1,251306,0.000003979212593
21,44514680,G,C,PASS,ENST00000291552.4,splice_region_variant,,os_lof,1,251312,0.000003979117591
21,44514680,G,A,PASS,ENST00000291552.4,splice_region_variant,,,1,251312,0.000003979117591
21,44514692,G,A,PASS,ENST00000291552.4,intron_variant,,,9,251322,0.00003581063337
21,44514697,A,T,PASS,ENST00000291552.4,intron_variant,,,1,251310,0.000003979149258
21,44514705,C,T,PASS,ENST00000291552.4,intron_variant,,,3,251288,0.00001193849288
21,44514708,C,T,PASS,ENST00000291552.4,intron_variant,,,3,251256,0.00001194001337
21,44514708,CGT,C,PASS,ENST00000291552.4,intron_variant,,,1,251256,0.000003980004458
21,44514709,G,A,PASS,ENST00000291552.4,intron_variant,,,1,251260,0.000003979941097
21,44514717,A,G,PASS,ENST00000291552.4,intron_variant,,,1,251210,0.000003980733251
21,44514718,C,T,PASS,ENST00000291552.4,intron_variant,,,8,251186,0.00003184890878
21,44514719,G,A,PASS,ENST00000291552.4,intron_variant,,,4,251228,0.00001592179216
21,44514721,C,T,PASS,ENST00000291552.4,intron_variant,,,1,251206,0.000003980796637
21,44514725,G,T,PASS,ENST00000291552.4,intron_variant,,,1,251242,0.000003980226236
21,44514736,A,AGTCAC,PASS,ENST00000291552.4,intron_variant,,,1,251298,0.000003979339271
21,44514739,C,G,PASS,ENST00000291552.4,intron_variant,,,1,251292,0.000003979434284
21,44514741,C,T,PASS,ENST00000291552.4,intron_variant,,,1,251292,0.000003979434284
21,44514742,G,A,PASS,ENST00000291552.4,intron_variant,,,29,251284,0.0001154072683
21,44514748,G,A,PASS,ENST00000291552.4,intron_variant,,,1,251342,0.000003978642646
21,44514757,T,C,PASS,ENST00000291552.4,splice_region_variant,,,1,251368,0.000003978231119
21,44514769,T,TCTCATA,PASS,ENST00000291552.4,inframe_insertion,,,1,251392,0.000003977851324
21,44514777,T,G,PASS,ENST00000291552.4,missense_variant,Likely pathogenic,,6,251350,0.00002387109608
21,44514777,T,C,PASS,ENST00000291552.4,missense_variant,Likely pathogenic,,6,251350,0.00002387109608
21,44514780,C,T,PASS,ENST00000291552.4,missense_variant,,,1,251376,0.000003978104513
21,44514788,G,C,PASS,ENST00000291552.4,synonymous_variant,,,1,251398,0.000003977756386
21,44514796,T,G,PASS,ENST00000291552.4,synonymous_variant,,,1,251416,0.000003977471601
21,44514836,T,A,PASS,ENST00000291552.4,synonymous_variant,,,1,251370,0.000003978199467
21,44514838,C,T,PASS,ENST00000291552.4,missense_variant,,,1,251438,0.000003977123585
21,44514849,C,T,PASS,ENST00000291552.4,missense_variant,,,1,251444,0.000003977028682
21,44514851,G,A,PASS,ENST00000291552.4,synonymous_variant,,,16,251426,0.00006363701447
21,44514860,G,A,PASS,ENST00000291552.4,synonymous_variant,,,1,251424,0.000003977345043
21,44514891,C,T,PASS,ENST00000291552.4,missense_variant,,,2,251340,0.000007957348611
21,44514894,C,T,PASS,ENST00000291552.4,missense_variant,,,1,251298,0.000003979339271
21,44514902,A,G,PASS,ENST00000291552.4,splice_region_variant,,,3,251242,0.00001194067871
21,44514912,A,G,PASS,ENST00000291552.4,intron_variant,,,1,251124,0.000003982096494
21,44514913,A,G,PASS,ENST00000291552.4,intron_variant,,,18,251104,0.0000716834459
21,44514923,T,C,PASS,ENST00000291552.4,intron_variant,,,1,250758,0.000003987908661
21,44514928,A,G,PASS,ENST00000291552.4,intron_variant,,,5,250394,0.0000199685296
21,44514934,G,A,PASS,ENST00000291552.4,intron_variant,,,1,249418,0.000004009333729
21,44514940,A,G,PASS,ENST00000291552.4,intron_variant,,,1,248814,0.000004019066451
21,44514941,T,C,PASS,ENST00000291552.4,intron_variant,,,1,248454,0.000004024889919
21,44514945,A,T,PASS,ENST00000291552.4,intron_variant,,,1,247708,0.00000403701132
21,44515498,T,C,PASS,ENST00000291552.4,intron_variant,,,2,242674,0.000008241509185
21,44515500,G,A,PASS,ENST00000291552.4,intron_variant,,,2,244232,0.000008188935111
21,44515505,G,A,PASS,ENST00000291552.4,intron_variant,,,2,245664,0.00000814120099
21,44515516,C,T,PASS,ENST00000291552.4,intron_variant,,,27,247450,0.0001091129521
21,44515522,C,G,PASS,ENST00000291552.4,intron_variant,,,2,249270,0.000008023428411
21,44515523,G,A,PASS,ENST00000291552.4,intron_variant,,,6,249582,0.00002404019521
21,44515525,C,T,PASS,ENST00000291552.4,intron_variant,,,16,249908,0.00006402356067
21,44515527,C,T,PASS,ENST00000291552.4,intron_variant,,,3,250180,0.00001199136622
21,44515528,C,T,PASS,ENST00000291552.4,intron_variant,,,2,250218,0.000007993030078
21,44515529,G,T,PASS,ENST00000291552.4,intron_variant,,,2,250604,0.000007980718584
21,44515537,C,T,PASS,ENST00000291552.4,intron_variant,,,1,251108,0.000003982350224
21,44515538,T,G,PASS,ENST00000291552.4,intron_variant,,,1,251176,0.000003981272096
21,44515551,G,T,PASS,ENST00000291552.4,synonymous_variant,,,1,251390,0.000003977882971
21,44515557,C,T,PASS,ENST00000291552.4,synonymous_variant,,,2,251400,0.000007955449483
21,44515593,G,C,PASS,ENST00000291552.4,synonymous_variant,,,2,251490,0.000007952602489
21,44515610,C,T,PASS,ENST00000291552.4,missense_variant,,,1,251490,0.000003976301245
21,44515613,C,T,PASS,ENST00000291552.4,missense_variant,,,1,251488,0.000003976332867
21,44515651,A,G,PASS,ENST00000291552.4,splice_region_variant,,,1,251440,0.00000397709195
21,44515652,G,A,PASS,ENST00000291552.4,splice_region_variant,,,1,251432,0.000003977218492
21,44515656,G,A,PASS,ENST00000291552.4,intron_variant,,,1,251424,0.000003977345043
21,44515658,CCA,C,PASS,ENST00000291552.4,intron_variant,,,1,251406,0.00000397762981
21,44515663,G,A,PASS,ENST00000291552.4,intron_variant,,,43,251396,0.0001710448854
21,44515665,G,A,PASS,ENST00000291552.4,intron_variant,,,2,251390,0.000007955765941
21,44515669,T,G,PASS,ENST00000291552.4,intron_variant,,,1,251362,0.00000397832608
21,44515677,G,A,PASS,ENST00000291552.4,intron_variant,,,2,251326,0.000007957791872
21,44515684,A,G,PASS,ENST00000291552.4,intron_variant,,,4,251304,0.00001591697705
21,44515686,TAC,T,PASS,ENST00000291552.4,intron_variant,,,1,251300,0.0000039793076
21,44515692,G,A,PASS,ENST00000291552.4,intron_variant,,,1,251290,0.000003979465956
21,44515694,G,A,PASS,ENST00000291552.4,intron_variant,,,1,251278,0.000003979655999
21,44515696,C,A,PASS,ENST00000291552.4,intron_variant,,,1,251230,0.000003980416352
21,44515698,T,C,PASS,ENST00000291552.4,intron_variant,,,1,251274,0.00000397971935
21,44515759,C,T,PASS,ENST00000291552.4,intron_variant,,,2,251426,0.000007954626809
21,44515764,G,T,PASS,ENST00000291552.4,intron_variant,,,1,251446,0.000003976997049
21,44515772,G,A,PASS,ENST00000291552.4,intron_variant,,,1,251458,0.00000397680726
21,44515785,C,T,PASS,ENST00000291552.4,intron_variant,,,4,251464,0.00001590684949
21,44515787,G,C,PASS,ENST00000291552.4,intron_variant,,,1,251474,0.000003976554236
21,44515787,G,T,PASS,ENST00000291552.4,intron_variant,,,3,251474,0.00001192966271
21,44515788,A,C,PASS,ENST00000291552.4,intron_variant,,,1,251478,0.000003976490985
21,44515789,G,A,PASS,ENST00000291552.4,intron_variant,,,1,251478,0.000003976490985
21,44515792,C,CTGTGACCTCACAG,PASS,ENST00000291552.4,intron_variant,,,1,251476,0.000003976522611
21,44515801,C,T,PASS,ENST00000291552.4,splice_region_variant,,,2,251482,0.000007952855473
21,44515822,G,A,PASS,ENST00000291552.4,synonymous_variant,,,1,251488,0.000003976332867
21,44515825,T,C,PASS,ENST00000291552.4,synonymous_variant,,,1,251492,0.000003976269623
21,44515843,G,A,PASS,ENST00000291552.4,synonymous_variant,,,3,251474,0.00001192966271
21,44515849,G,A,PASS,ENST00000291552.4,synonymous_variant,,,15,251484,0.00005964594169
21,44515858,A,G,PASS,ENST00000291552.4,splice_region_variant,,,3,251486,0.00001192909347
21,44515861,C,A,PASS,ENST00000291552.4,splice_region_variant,,,1,251480,0.000003976459361
21,44515862,A,C,PASS,ENST00000291552.4,intron_variant,,,3,251480,0.00001192937808
21,44515866,G,T,PASS,ENST00000291552.4,intron_variant,,,1,251478,0.000003976490985
21,44515869,A,G,PASS,ENST00000291552.4,intron_variant,,,1,251482,0.000003976427736
21,44515869,AT,A,PASS,ENST00000291552.4,intron_variant,,,2,251482,0.000007952855473
21,44515872,T,C,PASS,ENST00000291552.4,intron_variant,,,1,251472,0.000003976585862
21,44515875,C,G,PASS,ENST00000291552.4,intron_variant,,,1,251458,0.00000397680726
21,44515885,C,T,PASS,ENST00000291552.4,intron_variant,,,1,251418,0.000003977439961
21,44515887,T,C,PASS,ENST00000291552.4,intron_variant,,,3,251422,0.00001193213004
21,44515888,G,A,PASS,ENST00000291552.4,intron_variant,,,1,251402,0.000003977693097
21,44515894,C,T,PASS,ENST00000291552.4,intron_variant,,,5,251336,0.00001989368813
21,44515895,G,A,PASS,ENST00000291552.4,intron_variant,,,1,251296,0.000003979370941
21,44515897,G,A,PASS,ENST00000291552.4,intron_variant,,,12,251262,0.00004775891301
21,44515902,C,CTCTT,PASS,ENST00000291552.4,intron_variant,,,1,251252,0.00000398006782
21,44515904,CTT,C,PASS,ENST00000291552.4,intron_variant,,,7,251228,0.00002786313627
21,44520521,C,A,PASS,ENST00000291552.4,intron_variant,,,3,251356,0.00001193526313
21,44520522,G,GC,PASS,ENST00000291552.4,intron_variant,,,1,251338,0.000003978705966
21,44520522,G,A,PASS,ENST00000291552.4,intron_variant,,,3,251338,0.0000119361179
21,44520527,C,G,PASS,ENST00000291552.4,intron_variant,,,2,251418,0.000007954879921
21,44520536,C,G,PASS,ENST00000291552.4,intron_variant,,,1,251448,0.000003976965416
21,44520537,C,T,PASS,ENST00000291552.4,intron_variant,,,7,251432,0.00002784052945
21,44520538,G,C,PASS,ENST00000291552.4,intron_variant,,,1,251434,0.000003977186856
21,44520540,G,A,PASS,ENST00000291552.4,intron_variant,,,1,251464,0.000003976712372
21,44520549,T,C,PASS,ENST00000291552.4,intron_variant,,,3,251484,0.00001192918834
21,44520551,GT,G,PASS,ENST00000291552.4,intron_variant,,,1,251480,0.000003976459361
21,44520552,T,C,PASS,ENST00000291552.4,intron_variant,,,1,251486,0.000003976364489
21,44520572,C,A,PASS,ENST00000291552.4,missense_variant,,,1,251488,0.000003976332867
21,44520613,T,C,PASS,ENST00000291552.4,missense_variant,,,1,251490,0.000003976301245
21,44520627,G,T,PASS,ENST00000291552.4,splice_region_variant,,,1,251486,0.000003976364489
21,44520643,C,T,PASS,ENST00000291552.4,intron_variant,,,1,251458,0.00000397680726
21,44520644,G,A,PASS,ENST00000291552.4,intron_variant,,,1,251438,0.000003977123585
21,44520655,A,G,PASS,ENST00000291552.4,intron_variant,,,1,251410,0.000003977566525
21,44520660,A,T,PASS,ENST00000291552.4,intron_variant,,,1,251340,0.000003978674306
21,44520660,A,G,PASS,ENST00000291552.4,intron_variant,,,1,251340,0.000003978674306
21,44520673,G,A,PASS,ENST00000291552.4,intron_variant,,,1,251032,0.000003983555881
21,44520681,C,T,PASS,ENST00000291552.4,intron_variant,,,2,249778,0.000008007110314
21,44521344,G,A,PASS,ENST00000291552.4,intron_variant,,,3,242112,0.00001239095956
21,44521349,C,T,PASS,ENST00000291552.4,intron_variant,,,4,244966,0.00001632879665
21,44521352,G,C,PASS,ENST00000291552.4,intron_variant,,,1,245738,0.0000040693747
21,44521353,C,T,PASS,ENST00000291552.4,intron_variant,,,1,245622,0.000004071296545
21,44521363,T,C,PASS,ENST00000291552.4,intron_variant,,,1,248808,0.000004019163371
21,44521379,A,G,PASS,ENST00000291552.4,intron_variant,,,1,250452,0.000003992781052
21,44521393,G,C,PASS,ENST00000291552.4,intron_variant,,,14,251002,0.000055776448
21,44521393,G,GAAGCC,PASS,ENST00000291552.4,intron_variant,,,3,251002,0.000011952096
21,44521397,C,G,PASS,ENST00000291552.4,intron_variant,,,1,251100,0.000003982477101
21,44521424,G,A,PASS,ENST00000291552.4,intron_variant,,,3,251434,0.00001193156057
21,44521432,T,G,PASS,ENST00000291552.4,intron_variant,,,2,251472,0.000007953171725
21,44521440,T,C,PASS,ENST00000291552.4,intron_variant,,,1,251480,0.000003976459361
21,44521447,A,T,PASS,ENST00000291552.4,intron_variant,,,8,251484,0.0000318111689
21,44521453,A,G,PASS,ENST00000291552.4,intron_variant,,,1,251488,0.000003976332867
21,44521454,T,A,PASS,ENST00000291552.4,intron_variant,,,1,251486,0.000003976364489
21,44521458,T,C,PASS,ENST00000291552.4,intron_variant,,,1,251484,0.000003976396113
21,44521458,T,G,PASS,ENST00000291552.4,intron_variant,,,1,251484,0.000003976396113
21,44521462,A,C,PASS,ENST00000291552.4,intron_variant,,,1,251488,0.000003976332867
21,44521466,T,G,PASS,ENST00000291552.4,intron_variant,,,1,251488,0.000003976332867
21,44521467,G,C,PASS,ENST00000291552.4,intron_variant,,,2,251486,0.000007952728979
21,44521531,A,T,PASS,ENST00000380276.2,synonymous_variant,,,1,251342,0.000003978642646
21,44521546,C,CG,PASS,ENST00000380276.2,splice_region_variant,,,1,244662,0.000004087271419
21,44521547,G,A,PASS,ENST00000380276.2,splice_region_variant,,,4,247180,0.00001618253904
21,44521557,A,G,PASS,ENST00000291552.4,intron_variant,,,1,250132,0.000003997889115
21,44521562,A,C,PASS,ENST00000291552.4,intron_variant,,,5,250182,0.00001998545059
21,44521564,AAG,A,PASS,ENST00000291552.4,intron_variant,,,1,250562,0.000003991028169
21,44521570,A,G,PASS,ENST00000291552.4,intron_variant,,,1,250284,0.000003995461156
21,44521591,T,C,PASS,ENST00000291552.4,intron_variant,,,1,238352,0.000004195475599
21,44521592,A,G,PASS,ENST00000291552.4,intron_variant,,,4,237140,0.0000168676731
21,44524374,T,C,PASS,ENST00000291552.4,intron_variant,,,3,193064,0.00001553888866
21,44524385,T,C,PASS,ENST00000291552.4,intron_variant,,,2,209224,0.000009559132795
21,44524386,G,A,PASS,ENST00000291552.4,intron_variant,,,1,209016,0.000004784322731
21,44524389,G,A,PASS,ENST00000291552.4,intron_variant,,,1,211192,0.000004735027842
21,44524404,A,G,PASS,ENST00000291552.4,intron_variant,,,8,223044,0.00003586736249
21,44524405,TG,T,PASS,ENST00000291552.4,intron_variant,,,1,223146,0.000004481370941
21,44524405,T,A,PASS,ENST00000291552.4,intron_variant,,,2,223146,0.000008962741882
21,44524414,G,C,PASS,ENST00000291552.4,intron_variant,,,1,228532,0.000004375754818
21,44524456,G,T,PASS,ENST00000291552.4,missense_variant,Likely pathogenic,,2,249860,0.00000800448251
21,44524473,A,C,PASS,ENST00000291552.4,synonymous_variant,,,2,250286,0.000007990858458
21,44524479,T,C,PASS,ENST00000291552.4,synonymous_variant,,,1,250272,0.00000399565273
21,44524485,A,G,PASS,ENST00000291552.4,synonymous_variant,,,2,250242,0.000007992263489
21,44524520,G,A,PASS,ENST00000291552.4,splice_region_variant,,,1,243170,0.000004112349385
21,44524529,G,A,PASS,ENST00000459639.1,5_prime_UTR_variant,,,2,236912,0.00000844195313
21,44524532,C,T,PASS,ENST00000459639.1,5_prime_UTR_variant,,,1,235176,0.000004252134572
21,44524544,C,A,PASS,ENST00000459639.1,5_prime_UTR_variant,,,1,229106,0.000004364791843
21,44524560,C,T,PASS,ENST00000459639.1,5_prime_UTR_variant,,,1,218082,0.000004585431168
21,44524563,A,G,PASS,ENST00000459639.1,5_prime_UTR_variant,,,1,217566,0.000004596306408
21,44527518,C,A,PASS,ENST00000291552.4,intron_variant,,,3,184698,0.00001624273138
21,44527524,G,T,PASS,ENST00000291552.4,intron_variant,,,1,186726,0.000005355440592
21,44527526,T,C,PASS,ENST00000291552.4,intron_variant,,,1,187718,0.000005327139646
21,44527527,C,A,PASS,ENST00000291552.4,intron_variant,,,1,187998,0.000005319205523
21,44527535,A,AC,PASS,ENST00000291552.4,intron_variant,,,2,189712,0.00001054229569
21,44527536,C,T,PASS,ENST00000291552.4,intron_variant,,,1,190676,0.000005244498521
21,44527538,C,T,PASS,ENST00000291552.4,intron_variant,,,1,191398,0.000005224714992
21,44527541,G,A,PASS,ENST00000291552.4,intron_variant,,,1,190888,0.000005238673987
21,44527544,G,T,PASS,ENST00000291552.4,intron_variant,,,1,191382,0.000005225151791
21,44527545,G,A,PASS,ENST00000291552.4,intron_variant,,,1,191942,0.000005209907159
21,44527547,G,T,PASS,ENST00000291552.4,intron_variant,,,2,192452,0.00001039220169
21,44527547,G,A,PASS,ENST00000291552.4,intron_variant,,,1,192452,0.000005196100846
21,44527553,C,T,PASS,ENST00000291552.4,splice_region_variant,,,1,194730,0.000005135315565
21,44527553,C,A,PASS,ENST00000291552.4,splice_region_variant,,,1,194730,0.000005135315565
21,44527557,T,C,PASS,ENST00000291552.4,splice_region_variant,,,1,195044,0.000005127048256
21,44527558,C,T,PASS,ENST00000291552.4,splice_region_variant,,,3,196944,0.00001523275652
21,44527569,C,T,PASS,ENST00000291552.4,synonymous_variant,,,1,198124,0.000005047344088
21,44527575,G,A,PASS,ENST00000291552.4,synonymous_variant,,,1,198528,0.000005037072856
21,44527581,G,A,PASS,ENST00000291552.4,synonymous_variant,,,1,199342,0.000005016504299
21,44527592,G,A,PASS,ENST00000291552.4,synonymous_variant,,,1,198606,0.000005035094609
21,44527608,C,T,PASS,ENST00000291552.4,5_prime_UTR_variant,,,3,193160,0.00001553116587
21,44527610,A,C,PASS,ENST00000291552.4,5_prime_UTR_variant,,,578,166198,0.003477779516
21,44527611,CCCG,C,PASS,ENST00000291552.4,5_prime_UTR_variant,,,38,190108,0.0001998863804
21,44527611,CCCGCCGCCGCCGCTGCCGTCGACACTG,C,PASS,ENST00000291552.4,5_prime_UTR_variant,,,2,190108,0.00001052033581
21,44527611,CCCGCCGCCGCCGCTGCCGTCGACA,C,PASS,ENST00000291552.4,5_prime_UTR_variant,,,1,190108,0.000005260167905
21,44527611,C,G,PASS,ENST00000291552.4,5_prime_UTR_variant,,,1,190108,0.000005260167905
21,44527612,C,T,PASS,ENST00000291552.4,5_prime_UTR_variant,,,1,188558,0.00000530340797
21,44527616,C,G,PASS,ENST00000291552.4,5_prime_UTR_variant,,,1,191130,0.000005232041019
21,44527617,G,T,PASS,ENST00000291552.4,5_prime_UTR_variant,,,1,188700,0.000005299417064
21,44527619,CGCCGCT,C,PASS,ENST00000291552.4,5_prime_UTR_variant,,,1,191290,0.000005227664802
21,44527619,C,CGCCGCTGCCGTCGACACTGCT,PASS,ENST00000291552.4,5_prime_UTR_variant,,,1,191290,0.000005227664802
21,44527620,G,T,PASS,ENST00000291552.4,5_prime_UTR_variant,,,1,190822,0.000005240485898
21,44527623,G,C,PASS,ENST00000291552.4,5_prime_UTR_variant,,,1,189732,0.000005270592204
21,44527623,G,A,PASS,ENST00000291552.4,5_prime_UTR_variant,,,3,189732,0.00001581177661
21,44527625,T,TGCCGTCGACACTGCTGCCGACGCC,PASS,ENST00000291552.4,5_prime_UTR_variant,,,1,189586,0.000005274651082
21,44527625,T,TGCCGTCGACACTGCTGCCGAC,PASS,ENST00000291552.4,5_prime_UTR_variant,,,2,189586,0.00001054930216
21,44527625,T,C,PASS,ENST00000291552.4,5_prime_UTR_variant,,,1,189586,0.000005274651082
21,44527628,C,G,PASS,ENST00000291552.4,5_prime_UTR_variant,,,2,190288,0.00001051038426
21,44527628,C,T,PASS,ENST00000291552.4,5_prime_UTR_variant,,,4,190288,0.00002102076852
21,44527632,G,T,PASS,ENST00000291552.4,5_prime_UTR_variant,,,2,187812,0.00001064894682
21,44527632,G,A,PASS,ENST00000291552.4,5_prime_UTR_variant,,,1,187812,0.00000532447341
21,44527633,A,T,PASS,ENST00000291552.4,5_prime_UTR_variant,,,1,187654,0.000005328956484
21,44527635,A,ACTGCTGCCGACGCCGCCGACC,PASS,ENST00000291552.4,5_prime_UTR_variant,,,4,183598,0.0000217867297
21,44527636,C,A,PASS,ENST00000291552.4,5_prime_UTR_variant,,,1,185276,0.000005397353138
21,44527637,T,C,PASS,ENST00000291552.4,5_prime_UTR_variant,,,1,183720,0.000005443065535
21,44527637,TGCTGCCGACGCCGCCGAC,T,PASS,ENST00000291552.4,5_prime_UTR_variant,,,1,183720,0.000005443065535
21,44527638,G,A,PASS,ENST00000291552.4,5_prime_UTR_variant,,,2,183746,0.00001088459068
21,44527638,G,T,PASS,ENST00000291552.4,5_prime_UTR_variant,,,1,183746,0.000005442295342
21,44527640,TGCCGACGCC,T,PASS,ENST00000291552.4,5_prime_UTR_variant,,,3,183174,0.00001637787022
21,44527640,T,TGCCGACGCCGCCGACCCTGCC,PASS,ENST00000291552.4,5_prime_UTR_variant,,,1,183174,0.000005459290074
21,44527640,T,C,PASS,ENST00000291552.4,5_prime_UTR_variant,,,6,183174,0.00003275574044
21,44527643,C,A,PASS,ENST00000291552.4,5_prime_UTR_variant,,,2,177892,0.00001124277652
21,44527643,C,G,PASS,ENST00000291552.4,5_prime_UTR_variant,,,1,177892,0.000005621388258
21,44527644,G,T,PASS,ENST00000291552.4,5_prime_UTR_variant,,,2,177196,0.0000112869365
21,44527647,G,A,PASS,ENST00000291552.4,5_prime_UTR_variant,,,16,175596,0.00009111824871
21,44527650,G,A,PASS,ENST00000291552.4,5_prime_UTR_variant,,,3,167384,0.00001792286001
21,44527650,G,T,PASS,ENST00000291552.4,5_prime_UTR_variant,,,2,167384,0.00001194857334
21,44527653,G,A,PASS,ENST00000291552.4,5_prime_UTR_variant,,,4,168834,0.0000236919104
21,44527653,G,T,PASS,ENST00000291552.4,5_prime_UTR_variant,,,1,168834,0.000005922977599
21,44527654,AC,A,PASS,ENST00000291552.4,5_prime_UTR_variant,,,1,168558,0.000005932675993
21,44527656,C,T,PASS,ENST00000291552.4,5_prime_UTR_variant,,,1,170758,0.000005856240996
21,44579344,C,G,PASS,ENST00000433840.1,3_prime_UTR_variant,,,1,59984,0.0000166711123
21,44579360,C,T,PASS,ENST00000433840.1,missense_variant,,,22,64270,0.000342305897
21,44579363,C,T,PASS,ENST00000433840.1,missense_variant,,,1,65128,0.00001535437907
21,44579364,C,T,PASS,ENST00000433840.1,synonymous_variant,,,1,64856,0.0000154187739
21,44579383,C,T,PASS,ENST00000433840.1,stop_gained,,lc_lof,3,65900,0.00004552352049
21,44579401,G,A,PASS,ENST00000433840.1,missense_variant,,,2,64040,0.00003123048095
21,44579410,CG,C,PASS,ENST00000433840.1,frameshift_variant,,lc_lof,1,67980,0.00001471020888
21,44579418,T,A,PASS,ENST00000433840.1,synonymous_variant,,,1,70802,0.00001412389481
21,44579424,A,G,PASS,ENST00000433840.1,synonymous_variant,,,1,72032,0.00001388271879
21,44579426,ACT,A,PASS,ENST00000433840.1,frameshift_variant,,lc_lof,4,72170,0.0000554246917
21,44579443,T,C,PASS,ENST00000433840.1,missense_variant,,,1,75880,0.00001317870322
21,44579449,G,A,PASS,ENST00000433840.1,missense_variant,,,4,78558,0.00005091779322
21,44579466,C,T,PASS,ENST00000433840.1,missense_variant,,,1,84158,0.00001188241165
21,44579471,C,T,PASS,ENST00000433840.1,missense_variant,,,1,84562,0.00001182564272
21,44579480,C,T,PASS,ENST00000433840.1,missense_variant,,,3,84954,0.00003531322834
21,44579481,G,T,PASS,ENST00000433840.1,missense_variant,,,1,83216,0.00001201691982
21,44579481,G,A,PASS,ENST00000433840.1,synonymous_variant,,,1,83216,0.00001201691982
21,44579490,T,G,PASS,ENST00000433840.1,synonymous_variant,,,1,82078,0.00001218353274
21,44579502,G,C,PASS,ENST00000433840.1,synonymous_variant,,,1,84102,0.00001189032365
21,44579504,G,A,PASS,ENST00000433840.1,missense_variant,,,1,82826,0.00001207350349
21,44579508,C,CT,PASS,ENST00000433840.1,frameshift_variant,,lc_lof,1,84160,0.00001188212928
21,44579518,C,T,PASS,ENST00000433840.1,missense_variant,,,1,89156,0.00001121629503
21,44579519,C,T,PASS,ENST00000433840.1,missense_variant,,,1,89000,0.00001123595506
21,44579533,T,C,PASS,ENST00000433840.1,missense_variant,,,1,93318,0.00001071604621
21,44579539,C,T,PASS,ENST00000433840.1,missense_variant,,,7,94486,0.00007408504964
21,44579558,G,A,PASS,ENST00000433840.1,missense_variant,,,1,102358,0.000009769632076
21,44579560,G,C,PASS,ENST00000433840.1,missense_variant,,,1,103956,0.000009619454385
21,44579571,A,G,PASS,ENST00000433840.1,synonymous_variant,,,1,112158,0.000008915993509
21,44579578,T,C,PASS,ENST00000433840.1,missense_variant,,,1,114876,0.000008705038476
21,44579580,C,T,PASS,ENST00000433840.1,synonymous_variant,,,1,114796,0.000008711104917
21,44579582,C,T,PASS,ENST00000433840.1,missense_variant,,,1,117038,0.000008544233497
21,44579583,C,T,PASS,ENST00000433840.1,synonymous_variant,,,1,117596,0.000008503690602
21,44579587,G,A,PASS,ENST00000433840.1,missense_variant,,,1,121350,0.000008240626288
21,44579591,CACA,C,PASS,ENST00000433840.1,inframe_deletion,,,5,123488,0.00004048976419
21,44579595,A,G,PASS,ENST00000433840.1,synonymous_variant,,,2,128870,0.00001551951579
21,44579599,T,C,PASS,ENST00000433840.1,missense_variant,,,2,130790,0.00001529168897
21,44579602,C,G,PASS,ENST00000433840.1,missense_variant,,,2,132730,0.00001506818353
21,44579604,C,T,PASS,ENST00000433840.1,missense_variant,,,1,135106,0.000007401595784
21,44579609,G,A,PASS,ENST00000433840.1,missense_variant,,,1,140768,0.000007103887247
21,44579627,T,G,PASS,ENST00000433840.1,missense_variant,,,1,145664,0.000006865114236
21,44579630,G,A,PASS,ENST00000433840.1,missense_variant,,,5,145746,0.00003430625883
21,44579631,T,A,PASS,ENST00000433840.1,synonymous_variant,,,4,145752,0.00002744387727
21,44579634,G,A,PASS,ENST00000433840.1,synonymous_variant,,,1,145804,0.0000068585224
21,44579641,G,T,PASS,ENST00000433840.1,missense_variant,,,3,146046,0.00002054147323
21,44579643,G,C,PASS,ENST00000433840.1,synonymous_variant,,,1,146094,0.000006844908073
21,44579646,GC,G,PASS,ENST00000433840.1,frameshift_variant,,lc_lof,1,146248,0.000006837700345
21,44579647,C,A,PASS,ENST00000433840.1,missense_variant,,,1,146246,0.000006837793854
21,44579668,C,T,PASS,ENST00000433840.1,missense_variant,,,3,146372,0.00002049572323
21,44579678,T,C,PASS,ENST00000433840.1,missense_variant,,,1,146482,0.000006826777351
21,44579680,TG,T,PASS,ENST00000433840.1,frameshift_variant,,lc_lof,2,146472,0.00001365448686
21,44579683,G,A,PASS,ENST00000433840.1,missense_variant,,,3,146506,0.00002047697705
21,44579688,A,T,PASS,ENST00000433840.1,missense_variant,,,1,146478,0.000006826963776
21,44579688,A,C,PASS,ENST00000433840.1,missense_variant,,,1,146478,0.000006826963776
21,44579696,C,T,PASS,ENST00000433840.1,missense_variant,,,2,146462,0.00001365541915
21,44579697,G,A,PASS,ENST00000433840.1,synonymous_variant,,,4,146526,0.00002729890941
21,44579701,C,T,PASS,ENST00000433840.1,missense_variant,,,2,146530,0.0000136490821
21,44579702,G,A,PASS,ENST00000433840.1,missense_variant,,,1,146546,0.000006823795941
21,44579703,G,A,PASS,ENST00000433840.1,synonymous_variant,,,1,146562,0.000006823050995
21,44579704,G,A,PASS,ENST00000433840.1,missense_variant,,,4,146558,0.00002729294887
21,44579710,T,C,PASS,ENST00000433840.1,missense_variant,,,1,146616,0.000006820538004
21,44579720,G,C,PASS,ENST00000433840.1,missense_variant,,,1,146652,0.000006818863705
21,44579726,G,GTGGCCTTTGTGTGAGGGGCTGGCATTGAGCTCGGGTGCAGTGGGGCGGCAA,PASS,ENST00000433840.1,inframe_insertion,,,1,146660,0.00000681849175
21,44579731,C,G,PASS,ENST00000433840.1,missense_variant,,,1,146676,0.000006817747961
21,44579741,G,A,PASS,ENST00000433840.1,missense_variant,,,1,146684,0.000006817376128
21,44579751,T,C,PASS,ENST00000433840.1,synonymous_variant,,,1,146644,0.0000068192357
21,44579758,C,T,PASS,ENST00000433840.1,missense_variant,,,2,146592,0.00001364330932
21,44579771,G,A,PASS,ENST00000433840.1,missense_variant,,,1,146480,0.000006826870563
21,44579784,G,T,PASS,ENST00000433840.1,synonymous_variant,,,1,146452,0.000006828175785
21,44579793,C,T,PASS,ENST00000433840.1,synonymous_variant,,,1,146168,0.000006841442723
21,44579798,G,A,PASS,ENST00000433840.1,missense_variant,,,2,145888,0.00001370914674
21,44579808,G,A,PASS,ENST00000433840.1,synonymous_variant,,,1,145404,0.000006877389893
21,44579822,G,A,PASS,ENST00000433840.1,missense_variant,,,1,144206,0.000006934524222
21,44579826,C,T,PASS,ENST00000433840.1,stop_gained,,lc_lof,1,143488,0.000006969223907
21,44579828,A,G,PASS,ENST00000433840.1,missense_variant,,,1,143600,0.000006963788301
21,44579829,C,T,PASS,ENST00000433840.1,synonymous_variant,,,1,143104,0.000006987924866
21,44579830,G,T,PASS,ENST00000433840.1,missense_variant,,,1,143264,0.000006980120616
21,44579830,G,A,PASS,ENST00000433840.1,missense_variant,,,1,143264,0.000006980120616
21,44579834,G,A,PASS,ENST00000433840.1,missense_variant,,,1,142592,0.000007013016158
21,44579842,G,T,PASS,ENST00000433840.1,missense_variant,,,1,139394,0.000007173909924
21,44579850,C,T,PASS,ENST00000433840.1,synonymous_variant,,,1,134382,0.000007441472816
21,44579852,G,C,PASS,ENST00000433840.1,missense_variant,,,1,134414,0.000007439701222
21,44579864,C,T,PASS,ENST00000433840.1,missense_variant,,,2,127180,0.00001572574304
21,44579865,G,A,PASS,ENST00000433840.1,synonymous_variant,,,2,127406,0.00001569784783
21,44579873,T,A,PASS,ENST00000433840.1,missense_variant,,,12,121276,0.00009894785448
21,44579874,C,T,PASS,ENST00000433840.1,synonymous_variant,,,1,117332,0.000008522824123
21,44579875,G,A,PASS,ENST00000433840.1,missense_variant,,,1,112384,0.000008898063781
21,44579880,G,A,PASS,ENST00000433840.1,splice_region_variant,,,1,106184,0.000009417614707
21,44579902,A,T,PASS,ENST00000433840.1,intron_variant,,,3,90214,0.00003325426209
21,44579912,C,T,PASS,ENST00000433840.1,intron_variant,,,1,84076,0.00001189400067
21,44581161,C,T,PASS,ENST00000433840.1,intron_variant,,,1,18202,0.00005493901769
21,44581169,T,G,PASS,ENST00000433840.1,intron_variant,,,1,18646,0.00005363080553
21,44581216,G,C,PASS,ENST00000433840.1,synonymous_variant,,,2,19364,0.0001032844454
21,44581218,G,T,PASS,ENST00000433840.1,missense_variant,,,1,20234,0.00004942176535
21,44581230,C,T,PASS,ENST00000433840.1,missense_variant,,,1,19664,0.00005085435313
21,44581231,G,A,PASS,ENST00000433840.1,synonymous_variant,,,1,19588,0.00005105166428
21,44581233,G,T,PASS,ENST00000433840.1,missense_variant,,,1,20210,0.00004948045522
21,44581313,C,T,PASS,ENST00000433840.1,missense_variant,,,1,14092,0.00007096224808
21,44581374,G,T,PASS,ENST00000433840.1,intron_variant,,,1,9372,0.0001067008109
21,44581398,G,A,PASS,ENST00000433840.1,intron_variant,,,1,7928,0.000126135217
21,44589162,C,T,PASS,ENST00000291554.2,5_prime_UTR_variant,,,1,249094,0.000004014548725
21,44589163,C,T,PASS,ENST00000291554.2,5_prime_UTR_variant,,,2,249116,0.000008028388381
21,44589175,C,T,PASS,ENST00000291554.2,5_prime_UTR_variant,,,6,250164,0.00002398426632
21,44589179,C,G,PASS,ENST00000291554.2,5_prime_UTR_variant,,,1,250430,0.000003993131813
21,44589185,G,C,PASS,ENST00000291554.2,5_prime_UTR_variant,,,1,250634,0.00000398988166
21,44589190,C,T,PASS,ENST00000291554.2,5_prime_UTR_variant,,,1,250822,0.000003986891102
21,44589192,G,A,PASS,ENST00000291554.2,5_prime_UTR_variant,,,6,250880,0.00002391581633
21,44589216,G,A,PASS,ENST00000291554.2,missense_variant,,,4,251234,0.00001592141191
21,44589226,A,G,PASS,ENST00000291554.2,missense_variant,,,1,251312,0.000003979117591
21,44589233,C,T,PASS,ENST00000291554.2,synonymous_variant,,,2,251328,0.000007957728546
21,44589236,G,C,PASS,ENST00000291554.2,missense_variant,,,1,251332,0.000003978800949
21,44589243,C,T,PASS,ENST00000291554.2,missense_variant,Pathogenic/Likely pathogenic,,1,251338,0.000003978705966
21,44589244,G,A,PASS,ENST00000291554.2,missense_variant,Uncertain significance,,1,251314,0.000003979085924
21,44589248,C,T,PASS,ENST00000291554.2,synonymous_variant,,,1,251386,0.000003977946266
21,44589249,C,T,PASS,ENST00000291554.2,synonymous_variant,,,2,251380,0.000007956082425
21,44589265,C,T,PASS,ENST00000291554.2,missense_variant,,,1,251328,0.000003978864273
21,44589270,C,A,PASS,ENST00000291554.2,synonymous_variant,,,1,251324,0.000003978927599
21,44589271,G,A,PASS,ENST00000291554.2,missense_variant,Pathogenic,,3,251304,0.00001193773279
21,44589272,G,A,PASS,ENST00000291554.2,synonymous_variant,,,2,251276,0.000007959375348
21,44589274,T,C,PASS,ENST00000291554.2,missense_variant,,,1,251322,0.000003978959263
21,44589276,T,A,PASS,ENST00000291554.2,missense_variant,,,2,251292,0.000007958868567
21,44589278,C,G,PASS,ENST00000291554.2,missense_variant,,,1,251280,0.000003979624323
21,44589281,C,T,PASS,ENST00000291554.2,synonymous_variant,,,1,251252,0.00000398006782
21,44589291,G,A,PASS,ENST00000291554.2,missense_variant,,,8,251014,0.00003187073231
21,44589294,G,A,PASS,ENST00000291554.2,missense_variant,,,5,250962,0.00001992333501
21,44589294,G,C,PASS,ENST00000291554.2,missense_variant,,,1,250962,0.000003984667001
21,44589296,G,A,PASS,ENST00000291554.2,synonymous_variant,,,1,250940,0.000003985016339
21,44589298,G,A,PASS,ENST00000291554.2,missense_variant,,,1,250852,0.0000039864143
21,44589309,T,C,PASS,ENST00000291554.2,missense_variant,,,1,250618,0.000003990136383
21,44589312,G,T,PASS,ENST00000291554.2,missense_variant,,,1,250514,0.000003991792874
21,44589314,C,T,PASS,ENST00000291554.2,synonymous_variant,,,1,250452,0.000003992781052
21,44589322,C,A,PASS,ENST00000291554.2,missense_variant,,,1,250178,0.000003997154026
21,44589327,C,T,PASS,ENST00000291554.2,synonymous_variant,,,3,249960,0.00001200192031
21,44589331,C,T,PASS,ENST00000291554.2,missense_variant,,,2,249770,0.000008007366777
21,44589332,G,A,PASS,ENST00000291554.2,synonymous_variant,,,17,249764,0.00006806425265
21,44589335,C,T,PASS,ENST00000291554.2,synonymous_variant,,,7,249664,0.00002803768265
21,44589342,A,G,PASS,ENST00000291554.2,missense_variant,Uncertain significance,,12,249344,0.00004812628337
21,44589343,G,A,PASS,ENST00000291554.2,missense_variant,,,1,249200,0.000004012841091
21,44589352,A,C,PASS,ENST00000291554.2,missense_variant,,,1,248764,0.000004019874258
21,44589354,C,T,PASS,ENST00000291554.2,missense_variant,Pathogenic,,2,249112,0.000008028517293
21,44589355,G,A,PASS,ENST00000291554.2,missense_variant,Uncertain significance,,2,249062,0.000008030129044
21,44589355,G,T,PASS,ENST00000291554.2,missense_variant,,,1,249062,0.000004015064522
21,44589368,C,T,PASS,ENST00000291554.2,synonymous_variant,Likely benign,,29,248628,0.000116640121
21,44589370,G,A,PASS,ENST00000291554.2,missense_variant,,,3,248326,0.00001208089366
21,44589374,C,G,PASS,ENST00000291554.2,synonymous_variant,,,2,248300,0.000008054772453
21,44589375,G,A,PASS,ENST00000291554.2,missense_variant,Uncertain significance,,5,248248,0.00002014114917
21,44589387,G,A,PASS,ENST00000291554.2,missense_variant,,,5,247546,0.00002019826618
21,44589390,A,G,PASS,ENST00000291554.2,missense_variant,,,1,247476,0.000004040795875
21,44589396,G,A,PASS,ENST00000291554.2,missense_variant,,,1,246936,0.000004049632293
21,44589413,G,T,PASS,ENST00000291554.2,intron_variant,,,1,245120,0.000004079634465
21,44589432,G,A,PASS,ENST00000291554.2,intron_variant,,,9,242472,0.00003711768782
21,44589432,G,C,PASS,ENST00000291554.2,intron_variant,,,1,242472,0.000004124187535
21,44589434,T,C,PASS,ENST00000291554.2,intron_variant,,,1,242518,0.000004123405273
21,44589791,A,C,PASS,ENST00000398133.1,5_prime_UTR_variant,,,3,147216,0.00002037821976
21,44589796,T,C,PASS,ENST00000398133.1,5_prime_UTR_variant,,,1,147272,0.000006790156988
21,44589801,G,A,PASS,ENST00000398133.1,5_prime_UTR_variant,,,1,147274,0.000006790064777
21,44589824,C,A,PASS,ENST00000398133.1,5_prime_UTR_variant,,,1,147356,0.000006786286273
21,44589826,C,T,PASS,ENST00000398133.1,5_prime_UTR_variant,,,2,147360,0.00001357220413
21,44589845,C,G,PASS,ENST00000398133.1,missense_variant,,,1,147362,0.000006786009962
21,44589879,A,G,PASS,ENST00000398133.1,synonymous_variant,,,1,146906,0.000006807073911
21,44589880,C,T,PASS,ENST00000398133.1,missense_variant,,,1,146876,0.000006808464283
21,44589888,C,G,PASS,ENST00000398133.1,missense_variant,,,1,146830,0.000006810597289
21,44589899,C,A,PASS,ENST00000398133.1,missense_variant,,,1,146746,0.000006814495795
21,44589901,A,G,PASS,ENST00000398133.1,missense_variant,,,3,146772,0.00002043986591
21,44589912,C,A,PASS,ENST00000398133.1,synonymous_variant,,,1,146410,0.000006830134554
21,44589914,A,G,PASS,ENST00000398133.1,missense_variant,,,4,146438,0.00002731531433
21,44589915,T,G,PASS,ENST00000398133.1,missense_variant,,,1,146240,0.000006838074398
21,44589919,C,G,PASS,ENST00000398133.1,missense_variant,,lcr,1,145062,0.000006893604114
21,44589922,C,A,PASS,ENST00000398133.1,missense_variant,,lcr,2,71100,0.00002812939522
21,44589922,C,CT,PASS,ENST00000398133.1,frameshift_variant,,"lcr,lof_flag",1,71100,0.00001406469761
21,44589923,C,CG,PASS,ENST00000398133.1,frameshift_variant,,"lcr,lof_flag",1,144728,0.000006909513018
21,44589923,C,CT,PASS,ENST00000398133.1,frameshift_variant,,"lcr,lof_flag",2,144728,0.00001381902604
21,44589923,C,CA,PASS,ENST00000398133.1,frameshift_variant,,"lcr,lof_flag",2,144728,0.00001381902604
21,44589924,C,A,PASS,ENST00000398133.1,synonymous_variant,,lcr,3,145274,0.0000206506326
21,44589924,C,T,PASS,ENST00000398133.1,synonymous_variant,,lcr,1,145274,0.000006883544199
21,44589925,C,G,PASS,ENST00000398133.1,missense_variant,,lcr,1,145420,0.0000068766332
21,44589925,C,CA,PASS,ENST00000398133.1,frameshift_variant,,"lcr,lof_flag",3,145420,0.0000206298996
21,44589925,C,CT,PASS,ENST00000398133.1,frameshift_variant,,"lcr,lof_flag",2,145420,0.0000137532664
21,44589926,C,CA,PASS,ENST00000398133.1,frameshift_variant,,"lcr,lof_flag",6,145660,0.00004119181656
21,44589927,C,CA,PASS,ENST00000398133.1,frameshift_variant,,"lcr,lof_flag",5,144084,0.0000347019794
21,44589927,C,CG,PASS,ENST00000398133.1,frameshift_variant,,"lcr,lof_flag",4,144084,0.00002776158352
21,44589927,C,G,PASS,ENST00000398133.1,synonymous_variant,,lcr,1,144084,0.00000694039588
21,44589927,C,T,PASS,ENST00000398133.1,synonymous_variant,,lcr,2,144084,0.00001388079176
21,44589928,C,CA,PASS,ENST00000398133.1,frameshift_variant,,"lcr,lof_flag",34,145758,0.0002332633543
21,44589928,C,A,PASS,ENST00000398133.1,missense_variant,,lcr,2,145758,0.00001372137378
21,44589928,C,G,PASS,ENST00000398133.1,missense_variant,,lcr,2,145758,0.00001372137378
21,44589928,C,T,PASS,ENST00000398133.1,missense_variant,,lcr,4,145758,0.00002744274757
21,44589929,C,CT,PASS,ENST00000398133.1,frameshift_variant,,"lcr,lof_flag",1,145768,0.000006860216234
21,44589929,C,CA,PASS,ENST00000398133.1,frameshift_variant,,"lcr,lof_flag",13,145768,0.00008918281104
21,44589930,C,CG,PASS,ENST00000398133.1,frameshift_variant,,"lcr,lof_flag",1,145502,0.000006872757763
21,44589930,C,G,PASS,ENST00000398133.1,synonymous_variant,,lcr,3,145502,0.00002061827329
21,44589930,C,CCG,PASS,ENST00000398133.1,frameshift_variant,,"lcr,lof_flag",1,145502,0.000006872757763
21,44589931,C,A,PASS,ENST00000398133.1,missense_variant,,,49,145034,0.0003378518141
21,44589931,C,G,PASS,ENST00000398133.1,missense_variant,,,61,145034,0.0004205910338
21,44589931,C,CT,PASS,ENST00000398133.1,frameshift_variant,,lof_flag,3,145034,0.00002068480494
21,44589931,C,CA,PASS,ENST00000398133.1,frameshift_variant,,lof_flag,7,145034,0.00004826454487
21,44589931,CA,C,PASS,ENST00000398133.1,frameshift_variant,,lof_flag,108,145034,0.0007446529779
21,44589960,A,G,PASS,ENST00000398133.1,synonymous_variant,,,8,146218,0.00005471282605
21,44589961,C,T,PASS,ENST00000398133.1,missense_variant,,,1,146216,0.000006839196805
21,44589970,G,T,PASS,ENST00000398133.1,splice_region_variant,,,1,146064,0.000006846313945
21,44589975,A,G,PASS,ENST00000291554.2,intron_variant,,,1,145928,0.000006852694479
21,44589977,G,A,PASS,ENST00000291554.2,intron_variant,,,2,145782,0.00001371911484
21,44589989,T,C,PASS,ENST00000291554.2,intron_variant,,,1,145358,0.000006879566312
21,44589991,G,A,PASS,ENST00000291554.2,intron_variant,,,1,145286,0.000006882975648
21,44589993,G,C,PASS,ENST00000291554.2,intron_variant,,,1,145128,0.000006890469103
21,44589997,C,T,PASS,ENST00000291554.2,intron_variant,,,1,144616,0.000006914864192
21,44589999,G,C,PASS,ENST00000291554.2,intron_variant,,,1,144642,0.000006913621217
21,44590010,A,G,PASS,ENST00000291554.2,intron_variant,,,9,142286,0.00006325288503
21,44590393,C,T,PASS,ENST00000398132.1,5_prime_UTR_variant,,,1,144062,0.000006941455762
21,44590399,GC,G,PASS,ENST00000398132.1,5_prime_UTR_variant,,,5,145388,0.00003439073376
21,44590403,C,T,PASS,ENST00000398132.1,5_prime_UTR_variant,,,1,146174,0.000006841161903
21,44590404,T,A,PASS,ENST00000398132.1,5_prime_UTR_variant,,,4,146354,0.00002733099198
21,44590406,A,C,PASS,ENST00000398132.1,5_prime_UTR_variant,,,1,146840,0.000006810133479
21,44590407,G,A,PASS,ENST00000398132.1,5_prime_UTR_variant,,,1,146898,0.000006807444621
21,44590408,C,G,PASS,ENST00000398132.1,5_prime_UTR_variant,,,1,146968,0.000006804202275
21,44590410,G,A,PASS,ENST00000398132.1,5_prime_UTR_variant,,,1,147328,0.000006787576021
21,44590427,G,T,PASS,ENST00000398132.1,5_prime_UTR_variant,,,1,149600,0.000006684491979
21,44590429,C,G,PASS,ENST00000398132.1,5_prime_UTR_variant,,,1,149790,0.000006676013085
21,44590434,C,T,PASS,ENST00000398132.1,5_prime_UTR_variant,,,5,150472,0.00003322877346
21,44590435,G,A,PASS,ENST00000398132.1,5_prime_UTR_variant,,,1,150908,0.000006626553927
21,44590436,A,G,PASS,ENST00000398132.1,5_prime_UTR_variant,,,7,151268,0.00004627548457
21,44590437,G,A,PASS,ENST00000398132.1,5_prime_UTR_variant,,,7,151446,0.00004622109531
21,44590439,G,A,PASS,ENST00000398132.1,5_prime_UTR_variant,,,1,151626,0.00000659517497
21,44590462,C,T,PASS,ENST00000398132.1,synonymous_variant,,,1,158812,0.000006296753394
21,44590470,G,A,PASS,ENST00000398132.1,missense_variant,,,1,164580,0.000006076072427
21,44590472,C,A,PASS,ENST00000398132.1,missense_variant,,,1,165346,0.000006047923748
21,44590484,C,T,PASS,ENST00000398132.1,synonymous_variant,,,1,186166,0.000005371550122
21,44590487,C,A,PASS,ENST00000398132.1,missense_variant,,,1,190866,0.000005239277818
21,44590490,C,T,PASS,ENST00000398132.1,missense_variant,,,1,196024,0.000005101416153
21,44590493,T,G,PASS,ENST00000398132.1,missense_variant,,,1,200364,0.000004990916532
21,44590494,T,G,PASS,ENST00000398132.1,missense_variant,,,1,201754,0.000004956531221
21,44590501,T,C,PASS,ENST00000398132.1,synonymous_variant,,,1,210644,0.000004747346233
21,44590512,G,A,PASS,ENST00000398132.1,missense_variant,,,1,224458,0.00000445517647
21,44590514,C,T,PASS,ENST00000398132.1,missense_variant,,,5,227594,0.0000219689447
21,44590515,G,A,PASS,ENST00000398132.1,missense_variant,,,3,230876,0.00001299398811
21,44590518,A,T,PASS,ENST00000398132.1,missense_variant,,,1,235026,0.0000042548484
21,44590521,T,C,PASS,ENST00000398132.1,splice_donor_variant,,,2,233136,0.000008578683687
21,44590521,T,TGACC,PASS,ENST00000398132.1,splice_region_variant,,,1,233136,0.000004289341843
21,44590521,T,G,PASS,ENST00000398132.1,splice_donor_variant,,lc_lof,13,233136,0.00005576144396
21,44590525,C,T,PASS,ENST00000398132.1,splice_region_variant,,,4,240598,0.00001662524211
21,44590526,G,A,PASS,ENST00000398132.1,splice_region_variant,,,6,242000,0.00002479338843
21,44590538,T,A,PASS,ENST00000291554.2,intron_variant,,,1,247910,0.000004033721915
21,44590540,C,T,PASS,ENST00000291554.2,intron_variant,,,1,247976,0.000004032648321
21,44590556,G,A,PASS,ENST00000291554.2,intron_variant,,,1,249578,0.000004006763417
21,44590560,T,G,PASS,ENST00000291554.2,intron_variant,,,3,250074,0.00001199644905
21,44590565,C,CT,PASS,ENST00000291554.2,intron_variant,,,1,250284,0.000003995461156
21,44590569,C,G,PASS,ENST00000291554.2,intron_variant,,,2,250392,0.000007987475638
21,44590578,C,A,PASS,ENST00000291554.2,intron_variant,,,1,250626,0.000003990009017
21,44590585,G,T,PASS,ENST00000291554.2,intron_variant,,,2,250718,0.000007977089798
21,44590585,G,A,PASS,ENST00000291554.2,intron_variant,,,5,250718,0.0000199427245
21,44590588,A,T,PASS,ENST00000291554.2,intron_variant,,,1,250794,0.00000398733622
21,44590589,C,G,PASS,ENST00000291554.2,intron_variant,,,1,250816,0.000003986986476
21,44590597,G,A,PASS,ENST00000291554.2,intron_variant,,,2,250886,0.000007971748125
21,44590600,G,A,PASS,ENST00000291554.2,intron_variant,,,1,250912,0.000003985461038
21,44590601,C,A,PASS,ENST00000291554.2,intron_variant,,,1,250942,0.000003984984578
21,44590608,T,C,PASS,ENST00000291554.2,intron_variant,,,1,250996,0.000003984127237
21,44590612,A,T,PASS,ENST00000291554.2,intron_variant,,,1,251032,0.000003983555881
21,44590613,C,T,PASS,ENST00000291554.2,intron_variant,,,3,251048,0.00001194990599
21,44590614,G,A,PASS,ENST00000291554.2,intron_variant,,,2,251052,0.000007966477065
21,44590622,T,C,PASS,ENST00000291554.2,splice_region_variant,,,1,251102,0.000003982445381
21,44590630,C,A,PASS,ENST00000291554.2,synonymous_variant,,,1,251126,0.00000398206478
21,44590631,G,A,PASS,ENST00000291554.2,missense_variant,,,9,251112,0.0000358405811
21,44590633,T,G,PASS,ENST00000291554.2,missense_variant,,,1,251130,0.000003982001354
21,44590636,G,T,PASS,ENST00000291554.2,missense_variant,,,1,251130,0.000003982001354
21,44590636,G,A,PASS,ENST00000291554.2,missense_variant,,,1,251130,0.000003982001354
21,44590639,C,G,PASS,ENST00000291554.2,missense_variant,,,1,251138,0.000003981874507
21,44590640,G,A,PASS,ENST00000291554.2,missense_variant,,,4,251132,0.00001592787857
21,44590644,C,T,PASS,ENST00000291554.2,synonymous_variant,,,1,251168,0.000003981398904
21,44590647,G,A,PASS,ENST00000291554.2,synonymous_variant,,,1,251184,0.000003981145296
21,44590654,A,G,PASS,ENST00000291554.2,missense_variant,,,1,251172,0.000003981335499
21,44590656,C,T,PASS,ENST00000291554.2,synonymous_variant,,,1,251178,0.000003981240395
21,44590658,T,G,PASS,ENST00000291554.2,missense_variant,,,1,251158,0.000003981557426
21,44590665,T,C,PASS,ENST00000291554.2,synonymous_variant,,,3,251144,0.00001194533813
21,44590668,G,A,PASS,ENST00000291554.2,synonymous_variant,,,1,251140,0.000003981842797
21,44590686,G,A,PASS,ENST00000291554.2,synonymous_variant,Likely benign,,11,251064,0.00004381352962
21,44590696,G,A,PASS,ENST00000291554.2,missense_variant,,,1,250978,0.000003984412976
21,44590710,C,T,PASS,ENST00000291554.2,synonymous_variant,,,7,250886,0.00002790111844
21,44590712,A,G,PASS,ENST00000291554.2,missense_variant,,,1,250880,0.000003985969388
21,44590722,G,A,PASS,ENST00000291554.2,synonymous_variant,,,5,250730,0.00001994177003
21,44590725,C,T,PASS,ENST00000291554.2,synonymous_variant,,,1,250654,0.000003989563302
21,44590726,C,A,PASS,ENST00000291554.2,missense_variant,,,2,250596,0.00000798097336
21,44590728,C,A,PASS,ENST00000291554.2,missense_variant,,,1,250592,0.000003990550377
21,44590733,A,G,PASS,ENST00000291554.2,missense_variant,,,1,250452,0.000003992781052
21,44590735,CACA,C,PASS,ENST00000291554.2,inframe_deletion,,,1,250402,0.000003993578326
21,44590736,A,G,PASS,ENST00000291554.2,missense_variant,,,1,250412,0.000003993418846
21,44590739,A,T,PASS,ENST00000291554.2,missense_variant,,mnv,1,250326,0.000003994790793
21,44590740,C,A,PASS,ENST00000291554.2,missense_variant,,mnv,1,250280,0.000003995525012
21,44590741,G,A,PASS,ENST00000291554.2,missense_variant,,,2,250242,0.000007992263489
21,44590745,G,A,PASS,ENST00000291554.2,missense_variant,,,4,249892,0.00001600691499
21,44590749,G,C,PASS,ENST00000291554.2,missense_variant,,,1,249600,0.000004006410256
21,44590755,C,T,PASS,ENST00000291554.2,splice_region_variant,,,2,249284,0.000008022977808
21,44590757,C,T,PASS,ENST00000291554.2,splice_region_variant,,,1,249246,0.000004012100495
21,44590760,G,A,PASS,ENST00000291554.2,intron_variant,,,1,248848,0.000004018517328
21,44590763,C,T,PASS,ENST00000291554.2,intron_variant,,,1,248732,0.000004020391425
21,44590776,GA,G,PASS,ENST00000291554.2,intron_variant,,,3,246794,0.0000121558871
21,44590777,A,AG,PASS,ENST00000291554.2,intron_variant,,,1,246336,0.000004059495973
21,44590779,G,A,PASS,ENST00000291554.2,intron_variant,,,1,246662,0.000004054130754
21,44590780,G,C,PASS,ENST00000291554.2,intron_variant,,,4,245932,0.00001626465852
21,44590780,G,T,PASS,ENST00000291554.2,intron_variant,,,1,245932,0.000004066164631
21,44590781,G,A,PASS,ENST00000291554.2,intron_variant,,,2,245156,0.000008158070779
21,44590783,G,A,PASS,ENST00000291554.2,intron_variant,,,2,245048,0.000008161666286
21,44590784,C,T,PASS,ENST00000291554.2,intron_variant,,,5,244704,0.00002043284948
21,44590785,G,A,PASS,ENST00000291554.2,intron_variant,,,1,244946,0.000004082532477
21,44590791,G,A,PASS,ENST00000291554.2,intron_variant,,,1,243518,0.000004106472622
21,44590792,G,T,PASS,ENST00000291554.2,intron_variant,,,1,243218,0.000004111537797
21,44590794,G,A,PASS,ENST00000291554.2,intron_variant,,,9,242470,0.00003711799398
21,44590795,C,T,PASS,ENST00000291554.2,intron_variant,,,2,242398,0.000008250893159
21,44590796,G,T,PASS,ENST00000291554.2,intron_variant,,,1,242110,0.000004130353971
21,44590798,G,A,PASS,ENST00000291554.2,intron_variant,,,6,241848,0.00002480897092
21,44590798,G,C,PASS,ENST00000291554.2,intron_variant,,,1,241848,0.000004134828487
21,44590799,G,C,PASS,ENST00000291554.2,intron_variant,,,1,242012,0.000004132026511
21,44592136,G,A,PASS,ENST00000291554.2,intron_variant,,,32,242840,0.0001317740076
21,44592139,T,C,PASS,ENST00000291554.2,intron_variant,,,1,244572,0.000004088775494
21,44592147,G,A,PASS,ENST00000291554.2,intron_variant,,,1,246094,0.000004063487936
21,44592148,G,C,PASS,ENST00000291554.2,intron_variant,,,1,245752,0.000004069142876
21,44592149,C,G,PASS,ENST00000291554.2,intron_variant,,,1,246078,0.000004063752144
21,44592153,C,T,PASS,ENST00000291554.2,intron_variant,,,1,247380,0.000004042363974
21,44592154,C,T,PASS,ENST00000291554.2,intron_variant,,,1,247488,0.000004040599948
21,44592154,CT,C,PASS,ENST00000291554.2,intron_variant,,,1,247488,0.000004040599948
21,44592158,CTG,C,PASS,ENST00000291554.2,intron_variant,,,1,248052,0.000004031412768
21,44592164,GC,G,PASS,ENST00000291554.2,intron_variant,,,4,248280,0.0000161108426
21,44592166,C,T,PASS,ENST00000291554.2,intron_variant,,,1,248776,0.000004019680355
21,44592175,C,G,PASS,ENST00000291554.2,splice_region_variant,,,1,249556,0.000004007116639
21,44592177,C,G,PASS,ENST00000291554.2,splice_region_variant,,,1,249658,0.000004005479496
21,44592184,G,A,PASS,ENST00000291554.2,missense_variant,,,1,249874,0.000004002017017
21,44592186,C,T,PASS,ENST00000291554.2,synonymous_variant,,,1,249990,0.000004000160006
21,44592189,C,T,PASS,ENST00000291554.2,synonymous_variant,Likely benign,,1,250032,0.000003999488066
21,44592190,G,A,PASS,ENST00000291554.2,missense_variant,,,2,250106,0.000007996609438
21,44592193,T,C,PASS,ENST00000291554.2,missense_variant,,,2,250182,0.000007994180237
21,44592198,T,G,PASS,ENST00000291554.2,missense_variant,,,1,250234,0.000003996259501
21,44592202,C,G,PASS,ENST00000291554.2,missense_variant,,,1,250252,0.00000399597206
21,44592210,C,T,PASS,ENST00000291554.2,synonymous_variant,,,1,250372,0.000003994056843
21,44592218,G,A,PASS,ENST00000291554.2,missense_variant,,,6,250638,0.00002393890791
21,44592222,C,A,PASS,ENST00000291554.2,stop_gained,,,1,250722,0.000003988481266
21,44592224,G,A,PASS,ENST00000291554.2,missense_variant,,,6,250692,0.00002393375138
21,44592225,C,T,PASS,ENST00000291554.2,synonymous_variant,,,1,250760,0.000003987876854
21,44592230,C,T,PASS,ENST00000291554.2,missense_variant,,,1,250774,0.000003987654223
21,44592236,A,G,PASS,ENST00000291554.2,missense_variant,,,2,250752,0.000007976008167
21,44592238,G,A,PASS,ENST00000291554.2,missense_variant,,,2,250708,0.000007977407981
21,44592239,T,C,PASS,ENST00000291554.2,missense_variant,,,1,250732,0.000003988322193
21,44592240,G,A,PASS,ENST00000291554.2,synonymous_variant,,,1,250700,0.000003988831272
21,44592240,G,C,PASS,ENST00000291554.2,synonymous_variant,,,7,250700,0.00002792181891
21,44592243,C,A,PASS,ENST00000291554.2,missense_variant,Uncertain significance,,5,250710,0.00001994336086
21,44592248,C,A,PASS,ENST00000291554.2,stop_gained,,,1,250636,0.000003989849822
21,44592249,G,A,PASS,ENST00000291554.2,synonymous_variant,,,3,250616,0.00001197050468
21,44592261,C,T,PASS,ENST00000291554.2,synonymous_variant,,,2,250440,0.000007985944737
21,44592292,T,C,PASS,ENST00000291554.2,missense_variant,,,1,249464,0.000004008594426
21,44592298,C,A,PASS,ENST00000291554.2,missense_variant,,,1,249246,0.000004012100495
21,44592299,C,A,PASS,ENST00000291554.2,missense_variant,,,2,249264,0.000008023621542
21,44592305,T,C,PASS,ENST00000291554.2,missense_variant,,,1,248958,0.00000401674178
21,44592311,C,A,PASS,ENST00000291554.2,missense_variant,,,1,248650,0.000004021717273
21,44592314,G,C,PASS,ENST00000291554.2,missense_variant,,,1,248336,0.000004026802397
21,44592323,C,A,PASS,ENST00000291554.2,missense_variant,,,3,247390,0.00001212660172
21,44592330,C,T,PASS,ENST00000291554.2,synonymous_variant,,,5,246890,0.00002025193406
21,44592331,G,A,PASS,ENST00000291554.2,missense_variant,,,2,246582,0.000008110892117
21,44592333,C,T,PASS,ENST00000291554.2,synonymous_variant,,,3,246582,0.00001216633818
21,44592334,G,A,PASS,ENST00000291554.2,missense_variant,,,8,246530,0.00003245041171
21,44592335,AG,A,PASS,ENST00000291554.2,frameshift_variant,,lc_lof,2,246568,0.000008111352649
21,44592337,C,A,PASS,ENST00000291554.2,synonymous_variant,,,1,246338,0.000004059463014
21,44592341,C,T,PASS,ENST00000291554.2,missense_variant,,,4,246254,0.00001624339097
21,44592345,C,G,PASS,ENST00000291554.2,missense_variant,,,1,245820,0.000004068017248
21,44592345,C,T,PASS,ENST00000291554.2,synonymous_variant,,,11,245820,0.00004474818973
21,44592348,C,T,PASS,ENST00000291554.2,synonymous_variant,,,1,245618,0.000004071362848
21,44592349,G,A,PASS,ENST00000291554.2,missense_variant,Uncertain significance,,7,245484,0.00002851509671
21,44592353,C,T,PASS,ENST00000291554.2,missense_variant,,,2,245104,0.000008159801554
21,44592354,G,T,PASS,ENST00000291554.2,synonymous_variant,,,4,244960,0.0000163291966
21,44592355,C,A,PASS,ENST00000291554.2,synonymous_variant,,,1,244932,0.000004082765829
21,44592355,C,T,PASS,ENST00000291554.2,missense_variant,,,1,244932,0.000004082765829
21,44592356,G,A,PASS,ENST00000291554.2,missense_variant,Uncertain significance,,1,244678,0.000004087004144
21,44592356,GGGA,G,PASS,ENST00000291554.2,inframe_deletion,,,1,244678,0.000004087004144
21,44592358,G,C,PASS,ENST00000291554.2,missense_variant,,,1,244690,0.000004086803711
21,44592364,A,G,PASS,ENST00000291554.2,missense_variant,,,3,244240,0.00001228300033
21,44592369,C,T,PASS,ENST00000291554.2,synonymous_variant,,,3,243488,0.00001232093573
21,44592374,C,T,PASS,ENST00000291554.2,missense_variant,Uncertain significance,,2,242598,0.000008244091048
21,44592375,G,A,PASS,ENST00000291554.2,synonymous_variant,,,5,242574,0.00002061226677
21,44592376,G,A,PASS,ENST00000291554.2,missense_variant,Uncertain significance,,2,242430,0.000008249804067
21,44592381,C,T,PASS,ENST00000291554.2,synonymous_variant,,,3,241870,0.00001240335718
21,44592382,T,A,PASS,ENST00000291554.2,missense_variant,,,8,241690,0.00003310025239
21,44592395,G,A,PASS,ENST00000291554.2,3_prime_UTR_variant,,,1,238348,0.000004195546008
21,44592397,A,G,PASS,ENST00000291554.2,3_prime_UTR_variant,,,1,238416,0.000004194349373
21,44592405,G,A,PASS,ENST00000291554.2,3_prime_UTR_variant,,,1,234200,0.000004269854825
21,44592417,T,C,PASS,ENST00000291554.2,3_prime_UTR_variant,,,1,226598,0.000004413101616
21,44592419,C,T,PASS,ENST00000291554.2,3_prime_UTR_variant,,,1,224472,0.000004454898607
21,44592428,C,T,PASS,ENST00000291554.2,3_prime_UTR_variant,,,2,216572,0.00000923480413
21,44592429,C,T,PASS,ENST00000291554.2,3_prime_UTR_variant,,,1,216260,0.000004624063627
21,44592431,A,G,PASS,ENST00000291554.2,3_prime_UTR_variant,,,1,214810,0.000004655276756
21,44592433,C,G,PASS,ENST00000291554.2,3_prime_UTR_variant,,,1,212898,0.000004697084989
21,44592434,A,G,PASS,ENST00000291554.2,3_prime_UTR_variant,,,4,212062,0.00001886240816
21,44592436,G,A,PASS,ENST00000291554.2,3_prime_UTR_variant,,,2,209490,0.000009546995083
21,44592436,G,C,PASS,ENST00000291554.2,3_prime_UTR_variant,,,1,209490,0.000004773497542
21,44592441,G,A,PASS,ENST00000291554.2,3_prime_UTR_variant,,,2,204920,0.000009759906305
21,44592441,G,T,PASS,ENST00000291554.2,3_prime_UTR_variant,,,1,204920,0.000004879953152
21,44592441,GA,G,PASS,ENST00000291554.2,3_prime_UTR_variant,,,1,204920,0.000004879953152